Record ID,Data Access Group,Survey Identifier,Survey Timestamp,Start date,Is your host institution a ,What other types of host institution do you have?,Is your facility a ,What other type of facility are you?,Are you a...,What other job title do you have?,"Do you have, or plan to have an accreditation (e.g. NATA / ISO)?","Is there any infrastructure in place at your host institute that indirectly supports your facility in the following areas? &nbsp; Please report support here that is not directly costed to your operating budget. For example, if a member of your team calculates the invoice for a user but then sends that another person in your institution that you do not pay the salary of to process that invoice, that would count as support for invoicing.  (choice=Invoicing)","Is there any infrastructure in place at your host institute that indirectly supports your facility in the following areas? &nbsp; Please report support here that is not directly costed to your operating budget. For example, if a member of your team calculates the invoice for a user but then sends that another person in your institution that you do not pay the salary of to process that invoice, that would count as support for invoicing.  (choice=Ordering)","Is there any infrastructure in place at your host institute that indirectly supports your facility in the following areas? &nbsp; Please report support here that is not directly costed to your operating budget. For example, if a member of your team calculates the invoice for a user but then sends that another person in your institution that you do not pay the salary of to process that invoice, that would count as support for invoicing.  (choice=Marketing (inc. websites))","Is there any infrastructure in place at your host institute that indirectly supports your facility in the following areas? &nbsp; Please report support here that is not directly costed to your operating budget. For example, if a member of your team calculates the invoice for a user but then sends that another person in your institution that you do not pay the salary of to process that invoice, that would count as support for invoicing.  (choice=Fundraising)","Is there any infrastructure in place at your host institute that indirectly supports your facility in the following areas? &nbsp; Please report support here that is not directly costed to your operating budget. For example, if a member of your team calculates the invoice for a user but then sends that another person in your institution that you do not pay the salary of to process that invoice, that would count as support for invoicing.  (choice=Grant-writing support)","Is there any infrastructure in place at your host institute that indirectly supports your facility in the following areas? &nbsp; Please report support here that is not directly costed to your operating budget. For example, if a member of your team calculates the invoice for a user but then sends that another person in your institution that you do not pay the salary of to process that invoice, that would count as support for invoicing.  (choice=IT)","Is there any infrastructure in place at your host institute that indirectly supports your facility in the following areas? &nbsp; Please report support here that is not directly costed to your operating budget. For example, if a member of your team calculates the invoice for a user but then sends that another person in your institution that you do not pay the salary of to process that invoice, that would count as support for invoicing.  (choice=Workshop)","Is there any infrastructure in place at your host institute that indirectly supports your facility in the following areas? &nbsp; Please report support here that is not directly costed to your operating budget. For example, if a member of your team calculates the invoice for a user but then sends that another person in your institution that you do not pay the salary of to process that invoice, that would count as support for invoicing.  (choice=Other)",What other types of support does your institution provide?,Staff Costs,Non-AUD currencies.,What other currency are you reporting?,"For your&nbsp;female academic staff, how many Full-Time Equivalent (so accommodating part-time and fractional appointments)&nbsp;are on&nbsp;continuing appointments?","For your&nbsp;female academic&nbsp;staff, how many&nbsp;Full-Time Equivalent (so accommodating part-time and fractional appointments)&nbsp;are on&nbsp;fixed-term&nbsp;appointments?","For your&nbsp;female academic&nbsp;staff, how many Full-Time Equivalent (so accommodating part-time and fractional appointments)&nbsp;are on&nbsp;casual&nbsp;appointments?",Your total female academic FTE is,"For your&nbsp;male academic&nbsp;staff, how many&nbsp;Full-Time Equivalent (so accommodating part-time and fractional appointments) are on&nbsp;continuing&nbsp;appointments?","For your&nbsp;male academic&nbsp;staff, how many&nbsp;Full-Time Equivalent (so accommodating part-time and fractional appointments) are on&nbsp;fixed-term&nbsp;appointments?","For your&nbsp;male academic&nbsp;staff, how many&nbsp;Full-Time Equivalent (so accommodating part-time and fractional appointments) are on casual&nbsp;appointments?",Your total male academic FTE is:&nbsp;,"For your&nbsp;other academic staff, how many&nbsp;Full-Time Equivalent (so accommodating part-time and fractional appointments) are on&nbsp;continuing&nbsp;appointments?","For your other&nbsp;academic&nbsp;staff, how many&nbsp;Full-Time Equivalent (so accommodating part-time and fractional appointments) are on&nbsp;fixed-term&nbsp;appointments?","For your&nbsp;other academic staff, how many&nbsp;Full-Time Equivalent (so accommodating part-time and fractional appointments) are on casual&nbsp;appointments?",Your total other academic FTE is:&nbsp;,"For your&nbsp;female professional staff, how many&nbsp;Full-Time Equivalent (so accommodating part-time and fractional appointments) are on&nbsp;continuing appointments?","For your&nbsp;female professional&nbsp;staff, how many&nbsp;Full-Time Equivalent (so accommodating part-time and fractional appointments) are on&nbsp;fixed-term&nbsp;appointments?","For your&nbsp;female professional&nbsp;staff, how many&nbsp;Full-Time Equivalent (so accommodating part-time and fractional appointments) are on&nbsp;casual&nbsp;appointments?",Your total female professional FTE is,"For your&nbsp;male professional&nbsp;staff, how many&nbsp;Full-Time Equivalent (so accommodating part-time and fractional appointments) are on&nbsp;continuing&nbsp;appointments?","For your&nbsp;male professional&nbsp;staff, how many&nbsp;Full-Time Equivalent (so accommodating part-time and fractional appointments) are on&nbsp;fixed-term&nbsp;appointments?","For your&nbsp;male professional&nbsp;staff, how many&nbsp;Full-Time Equivalent (so accommodating part-time and fractional appointments) are on casual&nbsp;appointments?",Your total male professional FTE is:&nbsp;,"For your&nbsp;other professional staff, how many&nbsp;Full-Time Equivalent (so accommodating part-time and fractional appointments) are on&nbsp;continuing&nbsp;appointments?","For your other professional&nbsp;staff, how many&nbsp;Full-Time Equivalent (so accommodating part-time and fractional appointments) are on&nbsp;fixed-term&nbsp;appointments?","For your other professional&nbsp;staff, how many&nbsp;Full-Time Equivalent (so accommodating part-time and fractional appointments) are on casual&nbsp;appointments?",Your total other professional FTE is:,"For your&nbsp;female&nbsp;administrative&nbsp;staff, how many&nbsp;Full-Time Equivalent (so accommodating part-time and fractional appointments) are on&nbsp;continuing appointments?","For your&nbsp;female&nbsp;administrative staff, how many&nbsp;Full-Time Equivalent (so accommodating part-time and fractional appointments) are on&nbsp;fixed-term&nbsp;appointments?","For your&nbsp;female administrative&nbsp;staff, how many&nbsp;Full-Time Equivalent (so accommodating part-time and fractional appointments) are on&nbsp;casual&nbsp;appointments?",Your total female administrative FTE is,"For your&nbsp;male administrative&nbsp;staff, how many&nbsp;Full-Time Equivalent (so accommodating part-time and fractional appointments) are on&nbsp;continuing&nbsp;appointments?","For your&nbsp;male administrative&nbsp;staff, how many&nbsp;Full-Time Equivalent (so accommodating part-time and fractional appointments) are on&nbsp;fixed-term&nbsp;appointments?","For your&nbsp;male administrative&nbsp;staff, how many&nbsp;Full-Time Equivalent (so accommodating part-time and fractional appointments) are on casual&nbsp;appointments?",Your total male&nbsp;administrative&nbsp;FTE is:&nbsp;,"For your&nbsp;other administrative staff, how many&nbsp;Full-Time Equivalent (so accommodating part-time and fractional appointments) are on&nbsp;continuing&nbsp;appointments?","For your other&nbsp;administrative staff, how many&nbsp;Full-Time Equivalent (so accommodating part-time and fractional appointments) are on&nbsp;fixed-term&nbsp;appointments?","For your&nbsp;other administrative staff, how many&nbsp;Full-Time Equivalent (so accommodating part-time and fractional appointments) are on casual&nbsp;appointments?",Your total other administrative FTE is:&nbsp;,Your total staff&nbsp;FTE is:&nbsp;,Q-Orbitrap-IT,Q-Orbitrap-IT_Ion_mobility,Q-Orbitrap,Q-Orbitrap ion mobility,QTOF,QTOF Ion mobility,QQQ/QTRAP,QQQ/QTRAP Ion mobility,TOF-TOF,TOF-TOF ion mobility,FT-ICR,FT-ICR ion mob,IT,IT ion mobility,Single Q,Single Q ion mobility,Other,Other ion mobility,Total number of mass spectrometers,Q-Orbitrap-IT,Q-Orbitrap,QTOF,QQQ/QTRAP,TOF-TOF,FT-ICR,IT,Single Q,Other,Q-Orbitrap-IT,Q-Orbitrap,QTOF,QQQ/QTRAP,TOF-TOF,FT-ICR,IT,Single Q,Other,What other type of mass spectrometer do you have?,What other type of procurement process has led to you getting one or more mass spectrometer(s)?,Host institution funded,Philanthropy,State grant,Federal grant (excluding NCRIS/RIIP),Federal grant (NCRIS/RIIP),Charity grant,Self funded (user fees),Other,The % funding total is:,Maintenance cost,Non-AUD currencies.,What other currency are you reporting?,Manufacturer's warranty,Full maintenance,Preventative only,No pre-paid cover,Other,Did you decommission any mass spectrometers in 2021?,What model(s) did you decommission?,HDI,SCilS,Byonic,DIA-NN,EncyclopaDIA,Mascot,Mass Dynamics,Mass Hunter,Max Quant,Metamorpheus,MSFragger,OpenMS,Peaks,PeakView/SWATH,Progenesis QI for Proteomics ,Proteome Discoverer,ProteinPilot,Scaffold,Spectronaut,SwathXtend,Trans-Proteomics Pipeline,Analyst,Compound Discoverer,ChemStation,LipidSearch,LipidView,Protenesis QI,MassLynx ,MS-DIAL ,MetabolomeExpress,FreeStyle,GCImage,Insight,Multiquant,Qualbrowser,Skyline,SciexOS,TargetLynx,Tracefinder,Other,Subscription,Fee-for-service (per sample billing),Fee-for-service (per hour billing),Self-service (per sample billing),Self-service (per hour billing),Other,The % pricing model total is:,What pricing rates do you have? (choice=Academia (internal) rate),What pricing rates do you have? (choice=Academia (external) rate),What pricing rates do you have? (choice=Commercial customer rate),What pricing rates do you have? (choice=Other),What other rates do you have?,What typical percentage increase is applied to academia (external) customers relative to academia (internal)?,What typical percentage increase is applied to commercial customers relative to academia (internal)?,Maximum profit,What the market will bare,Cover direct costs,What the host will subsidise,Other,What other factors do you use to set you rates?,Academics,Clinicians,Students (Hons - PhD),Commercial,Other,The % funding total is:,What other type(s) of customer do you have?,Host School/Department,Host Institute/University,Local city,Local state,Rest of your country (excluding your state),Asia-Pacific (excluding your country),Rest of the world (excluding the Asia-pacific region),The % funding total is:,e-mail/phone,Spreadsheet or other generic system,Part of our project management system,Custom build software package,Off the shelf customer relationship managment package,Part of someone's job,We don't use anything,Other,What other mechanisms do you use to sign up new users?,Vendor training material,Vendor live sessions (face-to-face or video link),In-house on-line training,In-house group sessions,In-house one-on-one sessions,Other,What other training methods do you use?,Excel or other generic system,Customer build software package,Off the shelf dedicated package,Part of someone's job,We don't use anything,Other,What other project management and tracking software do you use?,Do you measure customer satisfaction?,Do you have a budget for advertising and marketing?,Tell us more about your budget for advertising and marketing,Do you have a marketing plan?,Do you hire/use professional marketing personnel?,Who do you market to? (choice=Host School/Department),Who do you market to? (choice=Host Institute/University),Who do you market to? (choice=Local city),Who do you market to? (choice=Local state),Who do you market to? (choice=Rest of your country),Who do you market to? (choice=Asia-Pacific),Who do you market to? (choice=Rest of the world),"In 2021, what marketing platforms did you use? (choice=Facility website)","In 2021, what marketing platforms did you use? (choice=In-house mailing list/newsletter)","In 2021, what marketing platforms did you use? (choice=Host institute channels (website/staff news/yammer etc.))","In 2021, what marketing platforms did you use? (choice=Social media (Twitter, Facebook, LinkedIn etc.))","In 2021, what marketing platforms did you use? (choice=Word of mouth)","In 2021, what marketing platforms did you use? (choice=Seminars/webinars)","In 2021, what marketing platforms did you use? (choice=Teaching activities)","In 2021, what marketing platforms did you use? (choice=Trade displays at conferences)","In 2021, what marketing platforms did you use? (choice=Paid advertisements)","In 2021, what marketing platforms did you use? (choice=Other)",What other marketing options did you use?,User fees,Charity Grants,State Grants,Federal Grants,Host subsidy,Host philanthropy,Other,The % funding total is:,Are facility staff expected to apply for research funding?,No fiscal constraints,Reduce staff,Reduce services,Increasing prices,Reduce prices,Subcontract services out,Delay equipment spending,Delay infrastructure spending,Delay the project,Increasing utilisation,Non-AUD currencies.,What other currency are you reporting?,Do you have an annual income/revenue target?,"Relative to the 2021 calendar year, how has your revenue target changed for this year?",Fee-for service work,Total revenue ($),Self-service,Instrument capacity,Data analysis,Staff capacity,"With your facility user revenue, do you... (choice=Receive all of it)","With your facility user revenue, do you... (choice=Receive a % of it)","With your facility user revenue, do you... (choice=None of it)","With your facility user revenue, do you... (choice=It is used to reduce the operating deficit)","With your facility user revenue, do you... (choice=Is spent at the facilities discretion)","With your facility user revenue, do you... (choice=Can be carried over to the next year)","With your facility user revenue, do you... (choice=Other)",What other options do you have for user revenue?,CETSA,Fluxomics,Glycomics,HDX,Large scale clinical MS,Lipidomics,Mass spectrometry imaging,Metabolomics,Modificomics,Proteomics,Single cell MS 'omics,Structural proteomic MS,TAILS,Do you have funding to buy any instruments or software (total spend over A$50k) in the calendar year of 2022?,What are you planning to buy?,"During the calendar year of 2022, is your staff count likely to:","If it is likely to go up or down, by how many FTE will it move?","During the calendar year of 2022, is your number of users likely to:","If it is likely to go up or down, by what percentage will it move?","During the calendar year of 2022,  will the amount of fee-for-service work you do likely to:","If it is likely to go up or down, by what percentage will it move?","If resources were not an issue, what one instrument would you buy today, and why?",What do you see is the biggest challenge facing your facility in the next 3 years?,Do you have any other comments or suggestions?,If you would like to receive a copy of the survey's aggregated and anonymised results please enter your email address,Complete?
1,,,[not completed],9/05/2022,,,,,,,,Unchecked,Unchecked,Unchecked,Unchecked,Unchecked,Unchecked,Unchecked,Unchecked,,"741,364",NZ Dollars,,1,1,1,3,1,1,1,3,1,1,1,3,1,1,1,3,1,1,1,3,1,1,1,3,1,1,1,3,1,1,1,3,1,1,1,3,27,1,0,1,0,1,0,1,0,1,1,1,0,1,0,1,0,1,1,9,1,1,1,1,1,1,1,1,1,Second hand,New,Second hand,New,New,New,New,New,New,,,0,0,0,0,0,0,0,0,0,0,Other,,,,,,,Yes,,0,0,0,0,0,0,0,0,0,0,,0,0,0,0,0,0,0,0,0,0,,0,,0,0,0,0,0,,0,,0,0,0,0,,,0,,0,0,0,0,0,0,0,Checked,Checked,Checked,Unchecked,,,,,,,,,,0,0,0,0,0,0,,0,0,0,0,0,0,0,0,,,,,,,,,,,,,,,,,,,,,,,,,,,,,Unchecked,Unchecked,Unchecked,Unchecked,Unchecked,Unchecked,Unchecked,Unchecked,Unchecked,Unchecked,Unchecked,Unchecked,Unchecked,Unchecked,Unchecked,Unchecked,Unchecked,,0,0,0,0,0,0,0,0,,,,,,,,,,,,NZ Dollars,,,,,,,,,,Unchecked,Unchecked,Unchecked,Unchecked,Unchecked,Unchecked,Unchecked,,,,,,,,,,,,,,,Yes,,,,,,,,,,,,Incomplete
2,,,[not completed],8/07/2022,,,,,,,,Unchecked,Unchecked,Unchecked,Unchecked,Unchecked,Unchecked,Unchecked,Unchecked,,,,,0,0,0,0,0,0,0,0,0,0,0,0,0,0,0,0,0,0,0,0,0,0,0,0,0,0,0,0,0,0,0,0,0,0,0,0,0,0,0,0,0,0,0,0,0,0,0,0,0,0,0,0,0,0,0,0,,,,,,,,,,,,,,,,,,,,,0,0,0,0,0,0,0,0,0,0,,,,,,,,,,0,0,0,0,0,0,0,0,0,0,0,0,0,0,0,0,0,0,0,0,0,0,0,0,0,0,0,0,0,0,0,0,0,0,0,0,0,0,0,,0,0,0,0,0,0,0,Unchecked,Unchecked,Unchecked,Unchecked,,,,,,,,,,0,0,0,0,0,0,,0,0,0,0,0,0,0,0,,,,,,,,,,,,,,,,,,,,,,,,,,,,,Unchecked,Unchecked,Unchecked,Unchecked,Unchecked,Unchecked,Unchecked,Unchecked,Unchecked,Unchecked,Unchecked,Unchecked,Unchecked,Unchecked,Unchecked,Unchecked,Unchecked,,0,0,0,0,0,0,0,0,,,,,,,,,,,,,,,,,,,,,,Unchecked,Unchecked,Unchecked,Unchecked,Unchecked,Unchecked,Unchecked,,,,,,,,,,,,,,,,,,,,,,,,,,,Incomplete
3,,,[not completed],8/07/2022,Research Institute,,Core facility,,Technical/Professional staff,,No - and we don't have plans for accreditation in 2022,Checked,Checked,Checked,Checked,Checked,Checked,Unchecked,Unchecked,,,,,0,0,0,0,0,0,0,0,0,0,0,0,0,1,0,1,0,1,0,1,0,0,0,0,0,0,0,0,0,0,0,0,0,0,0,0,2,0,0,0,0,1,1,2,0,1,0,0,0,0,0,0,0,0,0,4,,,,,,,,,,,,,,,,,,,,,0,0,0,0,0,0,0,0,0,0,,,,4,,,,Yes,Agilent 6490 QQQ,0,0,0,1,0,1,0,1,1,0,0,0,0,1,0,0,0,0,0,0,0,0,0,0,0,0,0,0,1,0,0,0,0,0,0,0,0,0,0,,0,10,0,40,40,10,100,Checked,Checked,Checked,Unchecked,,50,,5,NA,1,3,,,80,0,10,10,0,100,,0,80,15,0,5,0,0,100,3,,,2,,,,1,,3,2,,,1,,,2,,4,,,,,No,An ad hoc budget less than $10k per annum,,Yes,No,Unchecked,Checked,Checked,Unchecked,Unchecked,Unchecked,Unchecked,Checked,Unchecked,Checked,Unchecked,Unchecked,Unchecked,Unchecked,Unchecked,Unchecked,Unchecked,,0,0,0,0,0,0,0,0,,,,,,,,,,,,,,,,,,,,,,Unchecked,Unchecked,Unchecked,Unchecked,Unchecked,Unchecked,Unchecked,,,,,,,,,,,,,,,,,,,,,,,,,,,Incomplete
4,,,8/08/2022 19:32,8/07/2022,University,,Core facility,,Director,,No - and we don't have plans for accreditation in 2022,Checked,Checked,Checked,Checked,Checked,Checked,Checked,Unchecked,,"858,751",,,0,0,0,0,0.4,0.9,0,1.3,0,0,0,0,1.9,0,0,1.9,2,1,0,3,0,0,0,0,0,0.8,0,0.8,0,0,0,0,0,0,0,0,7,3,2,8,1,4,2,6,0,1,0,0,0,0,0,1,0,0,0,23,0,0,1,0,0,,,0,,,,Seed/on loan,,,,,,,,,0,0,0,0,0,0,0,0,0,375148,,,1,21,0,1,,Yes,6600 QToF,1,1,1,3,0,1,0,2,3,1,0,0,0,5,1,3,2,1,1,0,0,2,2,2,3,2,1,1,1,0,7,0,1,1,5,3,1,0,4,UniDec,0,5,0,95,0,0,100,Checked,Checked,Checked,Unchecked,,50,100,4,1,2,3,,,42,10,45,3,0,100,,0,70,25,5,0,0,0,100,2,1,3,NA,NA,4,NA,NA,,4,3,5,2,1,NA,,NA,NA,NA,NA,1,NA,,No,No,,No,No,Checked,Checked,Checked,Checked,Unchecked,Unchecked,Unchecked,Checked,Checked,Checked,Unchecked,Checked,Checked,Unchecked,Unchecked,Unchecked,Unchecked,,38,0,0,0,62,0,0,100,No,NA,NA,6,4,NA,NA,1,2,3,5,,,Yes,Gone up,3,504969,3,3,3,3,Unchecked,Unchecked,Unchecked,Checked,Unchecked,Unchecked,Unchecked,,Would like,"Already do, a bit","Already do, a bit",Would like,"Already do, a bit","Already do, a bit","Already do, a bit","Already do, a lot","Already do, a lot","Already do, a lot",Getting this,"Already do, a bit",Would like,Yes,7500,go up,0.9,go up,10,go up,10,"7600, the loan instrument is going well.",Staff (getting funding & retaining),,,Complete
5,,,8/07/2022 15:34,8/07/2022,University,,Core facility,,Director,,No - and we don't have plans for accreditation in 2022,Unchecked,Checked,Unchecked,Unchecked,Unchecked,Checked,Checked,Unchecked,,,,,0,0,0,0,0.2,0,0,0.2,0,0,0,0,0,0.4,0,0.4,0,0,0,0,0,0,0,0,0,0,0,0,0,0,0,0,0,0,0,0,0.6,0,0,1,0,2,1,2,0,0,0,0,0,0,0,1,0,0,0,6,,0,0,0,,,,1,,,,,,,,,Seed/on loan,,,,0,0,0,0,0,0,0,100,100,100000,,,2,2,,2,,No,,0,0,0,0,0,0,0,0,1,0,1,0,1,0,1,0,0,0,0,0,0,0,0,0,0,0,1,1,1,0,0,0,0,0,1,1,0,0,0,,0,0,100,0,0,0,100,Checked,Checked,Unchecked,Unchecked,,0,,NA,NA,2,1,NA,,25,0,75,0,0,100,,60,30,5,0,0,0,5,100,4,3,NA,1,NA,2,NA,NA,,5,4,3,2,1,NA,,2,NA,NA,1,NA,NA,,Yes,No,,No,No,Checked,Unchecked,Unchecked,Unchecked,Unchecked,Unchecked,Unchecked,Checked,Checked,Checked,Unchecked,Checked,Unchecked,Checked,Unchecked,Unchecked,Unchecked,,20,0,0,0,80,0,0,100,Yes,1,NA,NA,NA,NA,NA,2,3,NA,NA,,,No,Stayed the same,,,,2,2,1,Unchecked,Unchecked,Unchecked,Checked,Unchecked,Unchecked,Unchecked,,No plans for,No plans for,Would like,No plans for,Would like,"Already do, a lot","Already do, a bit","Already do, a lot",Would like,"Already do, a lot",Would like,Would like,"Already do, a bit",No,,stay the same,,go up,20,stay the same,,Waters Cyclic IMS for higher resolution separation.,Trying to get more human resources.,,,Complete
6,,,8/07/2022 17:03,8/07/2022,Research Institute,,Core facility,,Technical/Professional staff,,No - and we don't have plans for accreditation in 2022,Checked,Checked,Checked,Checked,Checked,Checked,Unchecked,Unchecked,,260000,,,0,0,0,0,0,0,0,0,0,0,0,0,0,0,0,0,0,0.8,0,0.8,0,0,0,0,0,0,0,0,0,0,0,0,0,0,0,0,0.8,0,0,2,0,2,0,0,0,1,0,0,0,1,0,0,0,0,0,6,,,,,,,,,,,,,,,,,,,,,0,0,0,0,0,0,0,0,0,90000,,,,2,,,,No,,0,0,0,0,0,1,0,0,3,0,0,0,0,2,0,1,2,0,0,0,0,4,0,0,0,0,0,0,0,0,2,0,0,1,0,2,0,0,0,,0,0,50,0,50,0,100,Checked,Checked,Checked,Unchecked,,50,200,5,3,1,1,,,70,20,10,0,0,100,,0,65,20,0,5,0,10,100,1,5,7,8,5,8,8,,,3,6,6,4,1,,,1,5,1,5,5,,,No,No,,No,No,Unchecked,Checked,Unchecked,Unchecked,Unchecked,Unchecked,Unchecked,Checked,Checked,Unchecked,Unchecked,Checked,Unchecked,Unchecked,Unchecked,Unchecked,Unchecked,,25,0,0,0,75,0,0,100,No,NA,1,4,2,10,10,6,6,10,7,,,Yes,Gone up,1,60000,1,2,1,1,Checked,Unchecked,Unchecked,Checked,Unchecked,Unchecked,Unchecked,,No plans for,No plans for,No plans for,Would like,Would like,No plans for,No plans for,"Already do, a bit","Already do, a lot","Already do, a lot",Would like,Would like,No plans for,No,,stay the same,,stay the same,,go up,25,Exploris 480. It's a workhorse plus has a lot of extra capabilities.,Not many large grants and harder to get.,Why are vendors still making shit software after so many years?,,Complete
7,,,15/08/2022 10:24,15/08/2022,University,,Core facility,,Director,,No - and we don't have plans for accreditation in 2022,Checked,Checked,Checked,Unchecked,Checked,Checked,Checked,Unchecked,,,,,0,0.6,0,0.6,0,2,0,2,0,0,0,0,0,5,0,5,0,4.2,0,4.2,0,0,0,0,0,1.5,0,1.5,0,0,0,0,0,0,0,0,13.3,1,0,3,0,3,0,6,0,1,0,1,1,1,0,5,0,5,0,26,,,,,,,,1,,,,,,,,,New,,IT-Orbitrap.  Magentic sector,,1,0,0,0,0,0,0,0,1,0,,,3,1,,22,,No,,0,1,0,0,0,1,0,3,6,0,0,0,1,0,1,2,1,1,0,0,0,1,1,1,1,0,1,0,0,0,0,0,0,0,0,4,0,0,0,,0,26,26,26,22,0,100,Checked,Checked,Checked,Unchecked,,100,400,3,3,1,3,NA,,40,5,40,10,5,100,Government,0,85,5,4,5,1,0,100,2,2,2,2,NA,2,NA,NA,,3,4,3,3,1,NA,,2,1,NA,1,NA,NA,,No,An ad hoc budget less than $10k per annum,,No,No,Checked,Checked,Unchecked,Unchecked,Unchecked,Unchecked,Unchecked,Checked,Unchecked,Unchecked,Unchecked,Checked,Checked,Checked,Unchecked,Unchecked,Unchecked,,30,0,0,0,70,0,0,100,Yes,NA,7,5,3,NA,NA,8,8,5,4,,,Yes,Gone down,3,,3,3,3,3,Checked,Checked,Unchecked,Checked,Checked,Unchecked,Unchecked,,No plans for,"Already do, a bit","Already do, a bit",Would like,Would like,"Already do, a lot","Already do, a bit","Already do, a lot","Already do, a lot","Already do, a lot",Would like,"Already do, a lot",No plans for,Yes,Orbitap and triple Quad,stay the same,,stay the same,,go down,10,Orbitrap.  ,Instrument replacement.  Staff retention.  Project completions on budget,,,Complete
8,,,11/07/2022 12:34,11/07/2022,University,,Core facility,,Manager,,No - and we don't have plans for accreditation in 2022,Checked,Checked,Checked,Unchecked,Unchecked,Checked,Checked,Unchecked,,436000,NZ Dollars,,0,0,0,0,0,0,0,0,0,0,0,0,2,0,0,2,3,0,0,3,0,0,0,0,0,0,0,0,0,0,0,0,0,0,0,0,5,0,0,0,0,2,1,0,0,0,0,1,0,0,0,3,0,0,0,6,,,0,,,,,0,,,,,,,,,,,,,0,0,0,0,0,0,0,0,0,100000,NZ Dollars,,,,2,4,,,,0,1,0,0,0,0,0,0,0,0,0,0,0,2,0,0,2,0,0,0,0,1,0,1,0,0,0,0,0,0,0,0,0,1,0,2,0,0,0,,0,70,0,20,10,0,100,Checked,Checked,Checked,Unchecked,,30,250,4,2,3,1,,,50,5,30,15,0,100,,35,45,15,0,5,0,0,100,NA,NA,NA,NA,1,2,NA,NA,,NA,NA,NA,4,1,,,NA,NA,1,2,NA,,,No,Yes - less than $10k per annum,,No,No,Checked,Checked,Checked,Unchecked,Checked,Unchecked,Unchecked,Checked,Unchecked,Checked,Unchecked,Unchecked,Checked,Unchecked,Checked,Unchecked,Unchecked,,35,0,0,0,65,0,0,100,No,NA,2,1,NA,NA,NA,NA,NA,3,NA,NZ Dollars,,Yes,Stayed the same,0,250000,0,3,0,3,Unchecked,Unchecked,Unchecked,Checked,Unchecked,Unchecked,Unchecked,,No plans for,No plans for,Would like,Would like,No plans for,"Already do, a bit","Already do, a bit","Already do, a lot","Already do, a bit","Already do, a lot",No plans for,"Already do, a bit",No plans for,No,,stay the same,,stay the same,,stay the same,,"7600 ZenoTOF for SWATH, PTM analysis using EAD",Getting agreement for funds to replace old instrumentation,"Getting approval to hire enough staff for the amount of instruments we have, and to properly tackle the diversity and complexity of projects is a constant hassle for us.",,Complete
9,,,12/07/2022 11:49,12/07/2022,University,,Other,School based shared facility,Technical/Professional staff,,No - and we don't have plans for accreditation in 2022,Checked,Checked,Checked,Unchecked,Checked,Checked,Checked,Unchecked,,24677.22,,,0,0,0,0,0,0,0,0,0,0,0,0,0,0,0.2,0.2,1,0,0.1,1.1,0,0,0,0,0,0,0,0,0,0,0,0,0,0,0,0,1.3,0,0,0,0,0,0,0,0,0,0,1,0,1,0,1,0,2,0,5,,,,,,0,0,0,0,,,,,,,,,,"MALDI-TOF, ICPMS",,0,0,0,0,0,0,0,100,100,43204.8,,,0,0,0,5,0,No,,0,2,0,0,0,0,0,0,0,0,0,0,0,0,0,0,0,0,0,0,0,0,0,0,0,0,0,0,0,0,0,0,0,0,0,0,0,0,0,,0,65,7,0,27,1,100,Checked,Unchecked,Checked,Checked,School internal rates,,100,5,2,1,2,,,20.6,0.2,68.9,10.2,0.1,100,,66,17,15,2,0,0,0,100,1,3,NA,2,NA,NA,NA,NA,,4,5,3,2,1,NA,,1,3,2,NA,NA,NA,,No,No,,No,No,Checked,Checked,Unchecked,Unchecked,Unchecked,Unchecked,Unchecked,Checked,Unchecked,Unchecked,Unchecked,Checked,Checked,Checked,Unchecked,Unchecked,Unchecked,,100,0,0,0,0,0,0,100,Yes,10,4,6,5,9,8,2,3,7,1,,,No,Stayed the same,1,144224,1,10,3,2,Checked,Unchecked,Unchecked,Unchecked,Checked,Unchecked,Unchecked,,Don't know,Don't know,Don't know,Don't know,Don't know,Don't know,"Already do, a bit",Don't know,Don't know,Don't know,Don't know,Don't know,Don't know,No,,stay the same,,stay the same,,stay the same,,GCMS with automated headspace/spme sampling/pyrolysis source,COVID impact on research pipeline/funding reducing number of students,,,Complete
10,,,22/08/2022 12:16,22/08/2022,University,,Research group,,Academic staff,,No - and we don't have plans for accreditation in 2022,Unchecked,Unchecked,Unchecked,Unchecked,Unchecked,Checked,Unchecked,Unchecked,,110000,NZ Dollars,,0.2,0,0,0.2,0,0,0,0,0,0,0,0,0,0,0,0,0,0,0,0,0,0,0,0,0,0,0,0,0,0,0,0,0,0,0,0,0.2,1,0,0,0,0,0,0,0,1,0,0,0,0,0,0,0,0,0,2,0,,,,0,,,,,,,,,,,,,,,,100,0,0,0,0,0,0,0,100,102000,NZ Dollars,,,,,,,,,0,0,0,0,0,1,0,0,1,0,0,0,1,0,0,1,1,1,0,0,0,0,1,0,1,0,0,0,0,0,0,0,0,0,1,1,0,0,1,,0,0,0,0,100,0,100,Checked,Unchecked,Unchecked,Unchecked,,,,,,1,1,,,20,0,80,0,0,100,,80,10,10,0,0,0,0,100,1,2,1,,,,,,,1,1,,1,1,,,1,,,1,,,,,No,,Yes,No,Checked,Checked,Checked,Unchecked,Checked,Checked,Unchecked,Unchecked,Checked,Checked,Unchecked,Unchecked,Unchecked,Unchecked,Unchecked,Unchecked,Unchecked,,10,0,0,0,90,0,0,100,Yes,NA,NA,1,NA,NA,NA,NA,NA,1,1,NZ Dollars,,Yes,,,0,1,,,,Checked,Unchecked,Unchecked,Checked,Unchecked,Unchecked,Unchecked,,Don't know,Would like,Would like,No plans for,Would like,"Already do, a bit","Already do, a bit","Already do, a bit",Would like,"Already do, a lot",Would like,Would like,No plans for,No,,go up,0.5,stay the same,,stay the same,,has metabolomics focus maybe with imaging capacity,Funding and staff,,,Complete
11,,,26/07/2022 10:54,13/07/2022,University,,Core facility,,Manager,,No - but we plan to apply for accreditation in 2022,Checked,Checked,Checked,Unchecked,Unchecked,Checked,Unchecked,Unchecked,,Approx. $1.8M,,,2.8,2,0,4.8,2,5.1,0,7.1,0,0,0,0,0.9,0,0,0.9,0,0,0,0,0,0,0,0,0,0,0,0,0,0,0,0,0,0,0,0,12.8,4,0,0,0,2,0,6,0,0,0,0,0,0,0,1,0,0,0,13,,,,1,,,,,,,,,New,,,,,,,,0,0,0,0,100,0,0,0,100,150000,,,4,4,,,,Yes,2 x GC MSD,0,1,0,0,0,0,0,0,0,0,0,0,0,0,0,0,0,0,0,0,0,0,2,1,0,0,0,0,0,0,0,0,5,0,0,0,0,0,0,MassHunter/Profinder,0,100,0,0,0,0,100,Checked,Checked,Checked,Unchecked,,50,150,5,1,4,NA,NA,,60,0,38,2,0,100,,0,50,25,0,24,0.5,0.5,100,1,NA,1,NA,1,3,NA,NA,,NA,NA,2,NA,2,NA,,NA,NA,1,4,NA,NA,,Yes,An ad hoc budget less than $10k per annum,,No,No,Checked,Checked,Checked,Checked,Checked,Unchecked,Unchecked,Checked,Unchecked,Checked,Unchecked,Checked,Checked,Unchecked,Checked,Unchecked,Unchecked,,20,0,0,50,30,0,0,100,No,NA,10,10,10,10,NA,1,1,NA,NA,,,Yes,Stayed the same,2,450000,,3,3,2,Checked,Unchecked,Unchecked,Checked,Checked,Unchecked,Unchecked,,Don't know,"Already do, a bit",No plans for,No plans for,No plans for,"Already do, a lot","Already do, a bit","Already do, a lot",Don't know,No plans for,Would like,No plans for,Don't know,Yes,"OrbiTrap IQX, LCQQQ, GCQQQ",stay the same,,stay the same,,stay the same,,Ion mobility instrument to enable extra level of separation,Interruption to service income due to ongoing COVID pandemic,,,Complete
12,,,14/07/2022 18:09,14/07/2022,University,,Core facility,,Director,,No - and we don't have plans for accreditation in 2022,Checked,Checked,Unchecked,Unchecked,Unchecked,Unchecked,Unchecked,Unchecked,,"850,000",,,1,0,0,1,4,0,0,4,0,0,0,0,0,0,0,0,0,0,0,0,0,0,0,0,0,0,0,0,0,0,0,0,0,0,0,0,5,4,0,3,0,4,3,1,0,0,0,0,0,0,0,2,0,0,0,14,0,0,1,0,,,,0,,,,New,,,,,,,,,50,0,0,50,0,0,0,0,100,450000,,,2,8,,4,,No,,0,0,1,1,0,0,0,2,5,0,1,0,1,0,0,3,0,0,1,0,0,0,0,4,1,0,0,1,1,0,5,0,0,0,8,4,0,0,0,,100,0,0,0,0,0,100,Checked,Checked,Checked,Unchecked,,30,200,5,3,1,3,NA,,40,10,40,10,0,100,,30,40,10,10,5,5,0,100,4,6,NA,NA,NA,1,NA,NA,,6,6,2,1,1,NA,,NA,NA,NA,NA,1,NA,,Yes,No,,No,No,Unchecked,Unchecked,Unchecked,Unchecked,Unchecked,Unchecked,Unchecked,Unchecked,Unchecked,Unchecked,Unchecked,Checked,Unchecked,Unchecked,Unchecked,Unchecked,Unchecked,,50,0,0,0,50,0,0,100,Yes,NA,NA,3,5,NA,NA,3,NA,NA,1,,,Yes,Stayed the same,0,560000,0,3,1,1,Checked,Unchecked,Unchecked,Checked,Unchecked,Unchecked,Unchecked,,"Already do, a bit",No plans for,No plans for,"Already do, a lot",No plans for,"Already do, a lot",No plans for,No plans for,"Already do, a lot","Already do, a lot",Would like,"Already do, a lot","Already do, a lot",Yes,HDX system,stay the same,,stay the same,,stay the same,,Orbi eclipse etd,Replacing old toys,,,Complete
13,,,19/07/2022 13:11,19/07/2022,Research Institute,,Core facility,,Technical/Professional staff,,No - but we plan to apply for accreditation in 2022,Checked,Checked,Checked,Unchecked,Unchecked,Checked,Unchecked,Unchecked,,"250,000",NZ Dollars,,0,0,0,0,0,0,0,0,0,0,0,0,0,2,0,2,0,0,0,0,0,0,0,0,0,0,0,0,0,0,0,0,0,0,0,0,2,0,0,2,0,0,0,0,0,0,0,0,0,0,0,0,0,0,0,2,,0,,,,,,,,,,,,,,,,,,,0,0,0,0,0,0,0,0,0,0,,,,2,,,,Yes,QQQ,0,0,0,0,0,0,0,0,1,0,0,0,0,0,0,2,0,0,0,0,0,0,0,0,0,0,0,0,0,0,0,0,0,0,3,3,0,0,0,,0,50,0,0,50,0,100,Checked,Unchecked,Unchecked,Unchecked,,,,5,1,1,NA,,,40,20,40,0,0,100,,0,100,0,0,0,0,0,100,1,,1,,,,,,,2,,,1,1,,,,,,,1,,,Yes,No,,No,Yes,Unchecked,Checked,Unchecked,Unchecked,Unchecked,Unchecked,Unchecked,Checked,Checked,Unchecked,Unchecked,Checked,Unchecked,Checked,Unchecked,Unchecked,Unchecked,,45,0,0,0,55,0,0,100,No,,,1,,,,,,,,,,Yes,Stayed the same,1,110,1,1,1,1,Unchecked,Unchecked,Unchecked,Checked,Unchecked,Unchecked,Unchecked,,,,,,"Already do, a bit",,,"Already do, a bit",,"Already do, a lot",,,,No,,stay the same,,stay the same,,stay the same,,,staffing,,,Complete
14,,,21/07/2022 11:02,21/07/2022,Research Institute,,Core facility,,Technical/Professional staff,,No - and we don't have plans for accreditation in 2022,Checked,Checked,Checked,Checked,Unchecked,Checked,Unchecked,Unchecked,,,,,0,4,0,4,1,6,0,7,0,0,0,0,0,2,0,2,0,0,0,0,1,0,0,1,1,0,0,1,0,0,0,0,0,0,0,0,15,0,0,1,0,0,0,4,0,0,0,0,0,0,0,0,0,0,0,5,,,,1,,,,,,,,,Seed/on loan,,,,,,,,40,0,0,0,0,60,0,0,100,63000,,,1,1,,,call out service contracts but no PM,No,,0,0,0,0,0,0,0,26,0,0,0,0,0,0,0,0,0,0,0,0,0,0,0,0,0,0,0,0,0,0,0,0,0,0,0,0,0,0,1,,0,5,0,20,0,75,100,Checked,Checked,Checked,Unchecked,,125,250,5,2,1,4,3,,85,0,10,5,0,100,,20,20,5,0,15,0,40,100,1,2,NA,NA,NA,3,NA,NA,,6,NA,4,4,1,NA,,1,NA,NA,2,NA,NA,,No,No,,No,No,Checked,Checked,Checked,Checked,Checked,Checked,Checked,Checked,Unchecked,Unchecked,Checked,Checked,Checked,Unchecked,Unchecked,Unchecked,Unchecked,,50,0,0,40,10,0,0,100,Yes,NA,5,10,5,10,NA,3,3,8,2,,,No,,1,,1,3,1,1,Unchecked,Checked,Unchecked,Unchecked,Unchecked,Checked,Unchecked,,No plans for,No plans for,No plans for,No plans for,No plans for,"Already do, a lot",No plans for,"Already do, a bit",No plans for,"Already do, a bit",No plans for,Don't know,No plans for,No,,stay the same,,stay the same,,stay the same,,Ion Mobility system,Physical lab space and consistency of funding,,,Complete
15,,,5/08/2022 18:33,21/07/2022,University,,Core facility,,Manager,,No - and we don't have plans for accreditation in 2022,Checked,Unchecked,Checked,Unchecked,Checked,Checked,Unchecked,Unchecked,,,,,0,3,0,3,0,3,2,5,0,0,0,0,0,1,2,3,0,0,0,0,0,0,0,0,0,0,0,0,0,0,0,0,0,0,0,0,11,0,0,1,1,2,1,1,0,1,0,0,0,0,0,0,0,1,0,6,,0,0,,,,,,,,,,,,,,,,MALDI-TOF,,0,0,0,0,0,0,0,0,0,0,,,2,,2,2,,No,,0,1,0,2,0,1,1,2,2,0,2,0,1,0,0,1,0,0,0,0,0,0,0,0,0,0,0,0,0,0,2,0,0,0,3,2,0,0,0,,0,100,0,0,0,0,100,Checked,Checked,Checked,Unchecked,,33,80,4,1,1,3,3,,35,15,20,30,0,100,,30,30,20,15,5,0,0,100,1,2,3,4,8,2,NA,NA,,3,6,6,4,2,2,"Publications, YouTube videos",1,3,5,2,NA,NA,,Yes,No,,No,No,Checked,Checked,Checked,Checked,Unchecked,Unchecked,Unchecked,Checked,Unchecked,Unchecked,Unchecked,Checked,Checked,Checked,Unchecked,Unchecked,Unchecked,,0,0,50,50,0,0,0,100,Yes,,,,,,,,,,,,,,,,,,,,,Unchecked,Unchecked,Unchecked,Unchecked,Unchecked,Unchecked,Unchecked,,Would like,No plans for,"Already do, a lot",No plans for,Would like,"Already do, a bit","Already do, a lot","Already do, a bit","Already do, a bit","Already do, a lot",Would like,"Already do, a bit",No plans for,Yes,Sciex Xeno TOF 7600,go up,2,go up,20,go up,10,MALDI 2 Tims Tof flex with HR,retaining skilled staff,more coordination between the facilities should be  on the agenda,,Complete
16,,,22/07/2022 17:34,22/07/2022,University,,Core facility,,Academic staff,,No - but we plan to apply for accreditation in 2022,Checked,Checked,Checked,Unchecked,Unchecked,Checked,Unchecked,Unchecked,,351545,,,0,0,0,0,1,0,0,1,0,0,0,0,2,0,0,2,0,0,0,0,0,0,0,0,0,0,0,0,0,0,0,0,0,0,0,0,3,1,0,1,0,0,0,1,0,0,0,0,0,0,0,0,0,0,0,3,0,0,,0,,,,,,,,,,,,,,,,,0,0,0,0,0,0,0,0,0,31000,,,2,1,,,,No,,0,0,0,0,0,0,0,0,6,0,3,2,0,0,0,1,0,0,0,0,3,0,0,0,0,0,0,0,0,0,0,0,0,0,0,6,0,0,0,,0,100,0,0,0,0,100,Checked,Unchecked,Checked,Unchecked,,,200%,2,3,3,2,2,,40,0,30,30,0,100,,50,10,25,0,0,0,15,100,8,4,4,1,1,8,1,1,,1,1,6,4,6,1,,5,1,4,5,NA,NA,,No,An ad hoc budget less than $10k per annum,,Yes,No,Checked,Checked,Checked,Unchecked,Unchecked,Unchecked,Unchecked,Checked,Unchecked,Checked,Checked,Checked,Checked,Checked,Checked,Unchecked,Unchecked,,12,0,0,88,0,0,0,100,Yes,1,8,8,3,5,1,7,9,1,8,,,Yes,Gone up,8,55000,0,5,5,5,Checked,Unchecked,Unchecked,Unchecked,Checked,Checked,Unchecked,,No plans for,"Already do, a lot",No plans for,No plans for,Would like,No plans for,No plans for,No plans for,"Already do, a bit","Already do, a lot",Would like,No plans for,No plans for,Yes,Viaflo 96 channel pipette,stay the same,,go up,15,go up,50,Tecan Fluent 1080 liquid handling robot; We have some flexibility to increase utilisation of MS instruments but sample prep quickly becomes limiting,Identifying and landing commercial & industrial clients,,,Complete
17,,,11/08/2022 8:09,25/07/2022,University,,Core facility,,Manager,,Yes - we have accreditation,Checked,Checked,Checked,Unchecked,Checked,Checked,Unchecked,Unchecked,,916000,,,0,0,0,0,0,5.5,0,5.5,0,0,0,0,1.8,0,0.2,2,1,2,0,3,0,0,0,0,0,0,0,0,0,0,0,0,0,0,0,0,10.5,2,0,5,0,1,0,0,0,0,0,0,0,0,0,0,0,0,0,8,1,1,,,,,,,,New,New,,,,,,,,,,0,0,90,0,0,0,0,10,100,180000,,,4,3,,1,,,,0,0,1,1,0,1,0,0,recommended,0,2,0,4,0,0,1,0,0,1,0,0,0,1,0,1,0,0,0,0,0,6,0,0,0,0,2,0,0,2,,0,0,70,0,30,0,100,Checked,Checked,Checked,Unchecked,,30,60,3,2,1,4,5,,65,0,25,10,0,100,,45,35,15,0,5,0,0,100,1,2,3,NA,NA,4,NA,NA,,NA,NA,NA,2,1,NA,,1,NA,NA,2,NA,NA,,Yes,An ad hoc budget less than $10k per annum,,No,No,Checked,Checked,Unchecked,Unchecked,Checked,Unchecked,Unchecked,Checked,Unchecked,Unchecked,Unchecked,Checked,Unchecked,Unchecked,Checked,Unchecked,Unchecked,,60,0,20,20,0,0,0,100,No,NA,7,3,4,6,NA,1,2,5,1,,,Yes,Gone up,1,950000,1,2,1,2,Checked,Unchecked,Unchecked,Checked,Unchecked,Unchecked,Unchecked,,"Already do, a bit",Definitely don't want,Would like,Getting this,"Already do, a bit","Already do, a lot",Definitely don't want,"Already do, a lot","Already do, a lot","Already do, a lot","Already do, a lot","Already do, a lot","Had it, shut it down",Yes,Exploris and Impact QTOF,go up,3,go up,10,stay the same,,"Thermo Eclipse state of the art, best quality data possible",Instrument renewal and funding retention ,,,Complete
18,,,25/07/2022 15:45,25/07/2022,University,,Core facility,,Manager,,No - and we don't have plans for accreditation in 2022,Unchecked,Unchecked,Checked,Unchecked,Unchecked,Checked,Checked,Unchecked,,,,,0,0,0,0,0,0,0,0,0,0,0,0,0,0,0,0,1,0,0,1,0,,0,,0,0.5,0,0.5,0,0,0,0,0,0,0,0,,1,1,2,1,1,0,1,0,0,0,0,0,0,0,0,0,0,0,5,1,0,,,,,,,,New,,,,,,,,,,,100,0,0,0,0,0,0,0,100,0,,,,,,5,,Yes,Bruker UltrafleXtreme MALDI ToF/ToF,0,0,0,recommended,0,1,0,0,recommended,recommended,1,1,0,2,0,2,2,0,0,0,0,2,2,0,0,0,0,0,0,0,recommended,0,0,1,recommended,recommended,0,0,0,,0,0,0,0,0,100,100,Unchecked,Unchecked,Unchecked,Checked,Centrally supported - Users provide all consumables,,,NA,NA,NA,NA,NA,,35,5,60,0,0,100,,0,95,0,5,0,0,0,100,2,3,3,NA,1,2,NA,NA,,2,3,3,2,1,NA,,2,NA,2,1,NA,NA,,No,An ad hoc budget less than $10k per annum,,No,No,Checked,Checked,Unchecked,Unchecked,Unchecked,Unchecked,Unchecked,Checked,Checked,Checked,Unchecked,Checked,Checked,Checked,Unchecked,Unchecked,Unchecked,,0,0,0,0,100,0,0,100,No,NA,4,3,NA,NA,NA,2,1,2,2,,,No,Stayed the same,2,0,1,2,2,2,Unchecked,Unchecked,Unchecked,Unchecked,Unchecked,Unchecked,Checked,No user revenue,No plans for,Would like,"Already do, a bit",Would like,Would like,"Already do, a bit",Getting this,"Already do, a bit","Already do, a bit","Already do, a lot",Would like,"Already do, a bit",No plans for,Yes,,stay the same,,stay the same,,stay the same,,Tims Tof Flex,"Leveraging funds for new instrumentation, Funding levels, Staffing levels, moving to a service charge model ",,,Complete
19,,,[not completed],17/08/2022,University,,Core facility,,Technical/Professional staff,,Yes - we have accreditation,Checked,Unchecked,Unchecked,Unchecked,Unchecked,Unchecked,Unchecked,Unchecked,,,,,0,0,0,0,0,0,0,0,0,0,0,0,1,0,0,1,3,0,0,3,0,0,0,0,0,0,0,0,0,0,0,0,0,0,0,0,4,0,0,0,0,1,0,0,0,0,0,0,0,0,0,0,0,0,0,1,,,,,,,,,,,,,,,,,,,,,0,0,0,0,0,0,0,0,0,0,,,,,,,,No,,0,0,0,0,0,0,0,0,0,0,0,0,0,0,0,0,0,0,0,0,0,0,0,0,0,0,0,0,1,0,0,0,1,0,0,1,0,0,0,,20,30,20,10,10,10,100,Checked,Checked,Checked,Unchecked,,20%,50%,1,3,2,3,3,,40,0,30,20,10,100,,50,30,10,10,0,0,0,100,1,2,4,5,6,6,,,,,,2,2,2,,,2,,,2,,,,No,No,,No,No,Checked,Checked,Checked,Unchecked,Unchecked,Unchecked,Unchecked,Checked,Checked,Unchecked,Unchecked,Unchecked,Unchecked,Unchecked,Unchecked,Unchecked,Unchecked,,,0,0,0,0,0,0,,No,,,,,,,,,,,,,,,,,,,,,Unchecked,Unchecked,Unchecked,Unchecked,Unchecked,Unchecked,Unchecked,,,,,,,,,,,,,,,,,,,,,,,,,,,Incomplete
20,,,4/08/2022 21:51,1/08/2022,University,,Core facility,,Academic staff,,No - and we don't have plans for accreditation in 2022,Checked,Checked,Checked,Unchecked,Unchecked,Checked,Checked,Unchecked,,"$45,000",,,0,0,0,0,0,0,0,0,0,0,0,0,0,0,0,0,0.5,0,0,0.5,0,0,0,0,0,0,0,0,0,0,0,0,0,0,0,0,0.5,0,0,1,0,3,2,0,0,1,0,0,0,0,0,0,0,1,0,6,,0,0,,0,,,,0,,,,,,,,,,TOF,,0,0,0,0,0,0,0,0,0,50000,,,,,,5,,No,,0,1,0,1,0,1,0,3,3,0,0,1,1,0,0,1,0,0,1,0,0,0,0,0,0,0,0,2,0,0,2,0,0,0,1,0,0,0,0,,0,30,0,10,60,0,100,Checked,Checked,Checked,Unchecked,,30,50,5,2,2,4,,,40,10,30,20,0,100,,40,30,25,0,5,0,0,100,2,NA,NA,NA,NA,2,,,,4,6,3,2,2,,,1,NA,NA,1,,,,No,No,,No,No,Checked,Checked,Unchecked,Unchecked,Unchecked,Unchecked,Unchecked,Checked,Unchecked,Checked,Unchecked,Checked,Checked,Unchecked,Unchecked,Unchecked,Unchecked,,80,0,0,0,20,0,0,100,Yes,NA,2,2,2,NA,2,2,2,2,4,,,No,Stayed the same,1,15000,1,1,1,1,Unchecked,Checked,Unchecked,Checked,Checked,Unchecked,Unchecked,,Would like,No plans for,"Already do, a bit",Would like,No plans for,No plans for,"Had it, shut it down",No plans for,"Already do, a bit","Already do, a lot",Would like,"Already do, a lot",No plans for,No,,stay the same,,stay the same,,stay the same,,cyclic IMMS - flexibility of use and interest in structural MS,decreasing host institution financial and staff support,,,Complete
21,,,3/08/2022 11:00,3/08/2022,University,,Core facility,,Manager,,No - and we don't have plans for accreditation in 2022,Checked,Checked,Checked,Unchecked,Checked,Checked,Unchecked,Unchecked,,150000,,,0,0,0,0,0,0,0,0,0,0,0,0,0,0,0.6,0.6,1,0,0,1,0,0,0,0,0,0,0,0,0,0,0,0,0,0,0,0,1.6,0,0,0,0,1,1,2,0,0,0,0,0,0,0,0,0,0,0,3,,,0,1,,,,,,,,,New,,,,,,,,100,0,0,0,0,0,0,0,100,120000,,,,2,,,,No,,1,0,0,0,0,0,0,0,0,0,0,0,1,0,1,0,0,0,0,0,0,0,0,0,0,0,1,2,0,0,0,0,0,0,0,0,1,2,0,PLGS - 1 copy,0,50,50,0,0,0,100,Unchecked,Checked,Checked,Unchecked,,Infinite (free for internal users),Infinite (free for internal users),NA,NA,NA,1,NA,,30,0,69,1,0,100,,50,49,1,0,0,0,0,100,1,3,NA,8,1,1,NA,NA,,2,3,NA,1,1,NA,,3,NA,1,1,NA,NA,,,No,,No,No,Checked,Checked,Checked,Checked,Unchecked,Unchecked,Unchecked,Unchecked,Unchecked,Checked,Unchecked,Checked,Checked,Checked,Unchecked,Unchecked,Unchecked,,0,0,0,0,100,0,0,100,No,NA,1,1,NA,NA,8,1,2,3,NA,,,No,,1,5000,1,3,1,3,Checked,Unchecked,Unchecked,Unchecked,Checked,Checked,Unchecked,,No plans for,No plans for,No plans for,Would like,"Already do, a bit","Already do, a lot","Already do, a bit","Already do, a lot","Already do, a bit","Already do, a lot",Would like,"Already do, a bit",No plans for,No,,stay the same,,go up,20,go up,50,Ion Mobility Qtof - very happy with current Ion Mobility Qtof instrument but need more capacity for metabolomics and proteomics analysis,Lack of funding for adequate staffing (due to impacts of Covid-19),,,Complete
22,,,[not completed],3/08/2022,University,,Core facility,,Technical/Professional staff,,Yes - we have accreditation,Checked,Unchecked,Checked,Unchecked,Unchecked,Checked,Unchecked,Unchecked,,229100,,,0,0,0,0,0,0,0,0,0,0,0,0,0,0.8,0,0.8,0,1.2,0,1.2,0,0,0,0,0,0,0,0,0,0,0,0,0,0,0,0,2,0,0,0,0,2,0,3,1,1,0,0,0,0,0,0,0,0,0,6,,,0,0,0,,,,,,,,,,,,,,,,0,0,0,0,0,0,0,0,0,152000,,,,6,,,,No,,0,0,0,1,0,1,0,1,0,0,0,0,0,2,0,0,1,0,0,0,0,2,0,0,0,1,0,0,1,0,0,0,2,2,0,4,0,0,0,,10,10,30,0,50,0,100,Checked,Checked,Checked,Unchecked,,1-Feb,40,5,5,2,2,,,50,0,50,0,0,100,,65,22,4,3,5,1,0,100,2,3,NA,NA,NA,5,NA,,,NA,NA,NA,2,2,,,1,NA,NA,2,NA,,,No,No,,No,Yes,Checked,Checked,Unchecked,Unchecked,Unchecked,Unchecked,Unchecked,Checked,Checked,Unchecked,Unchecked,Checked,Unchecked,Unchecked,Unchecked,Unchecked,Unchecked,,0,0,0,0,0,0,0,0,No,,,,,,,,,,,,,,,,,,,,,Unchecked,Unchecked,Unchecked,Unchecked,Unchecked,Unchecked,Unchecked,,,,,,,,,,,,,,,,,,,,,,,,,,,Incomplete
23,,,4/08/2022 17:12,4/08/2022,University,,Core facility,,Academic staff,,No - and we don't have plans for accreditation in 2022,Checked,Unchecked,Unchecked,Unchecked,Unchecked,Checked,Unchecked,Unchecked,,"450,000",,,0,0,0,0,0,4,0,4,0,0,0,0,0,1,0,1,0,1,0,1,0,0,0,0,0,0,0,0,0,0,0,0,0,0,0,0,6,1,0,1,0,4,2,4,1,0,0,0,0,1,0,1,0,0,0,12,,,1,2,,,,1,,,,New,New,,,,New,,,,100,0,0,0,0,0,0,0,100,0,,,4,5,,3,,Yes,Thermo GCMS ISQ,0,0,0,recommended,0,1,0,0,0,0,0,0,0,2,0,1,2,0,0,0,1,3,0,recommended,0,1,0,0,0,0,0,0,10,1,0,recommended,0,0,0,,80,0,20,0,0,0,100,Checked,Checked,Checked,Unchecked,,100,200,NA,2,1,NA,NA,,20,0,70,10,0,100,,30,30,30,10,0,0,0,100,NA,1,NA,NA,NA,2,NA,NA,,3,NA,2,2,1,NA,,1,NA,NA,2,NA,NA,,Yes,Yes - less than $10k per annum,,No,No,Checked,Checked,Unchecked,Unchecked,Unchecked,Unchecked,Unchecked,Checked,Checked,Checked,Unchecked,Checked,Checked,Checked,Unchecked,Unchecked,Unchecked,,20,0,0,0,80,0,0,100,Yes,1,NA,NA,NA,NA,NA,NA,NA,NA,NA,,,No,Stayed the same,0,60000,0,2,0,2,Unchecked,Unchecked,Unchecked,Checked,Unchecked,Unchecked,Unchecked,,Don't know,Don't know,Don't know,Don't know,Would like,"Already do, a bit","Already do, a bit","Already do, a bit",No plans for,"Already do, a lot",Would like,No plans for,No plans for,Yes,cyclic IMS,stay the same,,go down,20,go down,50,"dedicated high res for metabolomics, most likely newest orbitrap",,,,Complete
24,,,5/08/2022 18:03,5/08/2022,Research Institute,,Core facility,,Director,,Yes - we have accreditation,Unchecked,Unchecked,Unchecked,Unchecked,Unchecked,Checked,Unchecked,Unchecked,,2400000,,,0,0,0,0,0,0,0,0,0,0,0,0,11,0,0,11,9,0,0,9,0,0,0,0,2,0,0,2,2,0,0,2,0,0,0,0,24,0,0,1,0,1,0,3,0,1,0,0,0,0,0,0,0,0,0,6,,0,0,0,0,,,,,,,,,,,,,,,,0,0,0,0,0,0,0,0,0,106000,,,,2,,1,PM + Service tickets across the facility for 3 instrument,No,,0,0,0,0,0,1,0,0,1,0,0,0,1,0,0,2,1,0,0,0,0,3,0,0,0,0,0,0,0,0,0,0,0,0,0,10,0,0,0,,0,100,0,0,0,0,100,Checked,Checked,Checked,Unchecked,,0,300,5,2,1,NA,,,70,0,10,20,0,100,,0,5,70,0,10,5,10,100,2,NA,3,NA,4,1,NA,NA,,NA,NA,NA,NA,NA,1,We dont train customers,2,NA,1,3,NA,NA,,Yes,An ad hoc budget less than $10k per annum,,Yes,No,Unchecked,Checked,Checked,Checked,Unchecked,Checked,Checked,Unchecked,Checked,Checked,Checked,Checked,Checked,Checked,Checked,Unchecked,Unchecked,,20,0,0,0,0,0,80,100,No,NA,5,4,3,,NA,1,2,NA,6,,,No,,1,400000,0,3,1,1,Checked,Unchecked,Unchecked,Unchecked,Checked,Checked,Unchecked,,No plans for,No plans for,"Already do, a bit",No plans for,"Already do, a lot",No plans for,No plans for,No plans for,"Already do, a bit","Already do, a lot",Would like,"Already do, a bit",No plans for,Yes,Mass specs and LCs,go up,2,go up,10,go up,10,TIMS TOF,Experienced staff,,,Complete
25,,,10/08/2022 14:43,10/08/2022,University,,Core facility,,Academic staff,,No - and we don't have plans for accreditation in 2022,Checked,Checked,Checked,Unchecked,Unchecked,Checked,Checked,Unchecked,,"120,000",,,0,0,0,0,1,0,0,1,0,0,0,0,0,0,0,0,0,0,0,0,0,0,0,0,0,0,0,0,0,0,0,0,0,0,0,0,1,0,0,1,0,0,0,0,0,0,0,0,0,0,0,0,0,0,0,1,,0,,,,,,,,,,,,,,,,,,,0,0,0,0,0,0,0,0,0,0,,,,1,,,,No,,0,0,0,1,0,0,0,0,1,0,1,0,0,0,0,1,0,0,1,0,0,0,1,0,0,0,0,0,0,0,1,0,0,0,0,0,0,0,0,,0,10,90,0,0,0,100,Checked,Checked,Checked,Unchecked,,0,300%,4,1,3,2,,,60,0,40,0,0,100,,60,25,0,0,10,3,2,100,1,,,,,,,,,,,,,1,,,3,2,,1,,,,No,No,,Yes,No,Checked,Checked,Unchecked,Unchecked,Unchecked,Unchecked,Unchecked,Checked,Unchecked,Checked,Unchecked,Checked,Checked,Checked,Unchecked,Unchecked,Unchecked,,20,0,0,0,80,0,0,100,Yes,,,,2,,,,3,,1,,,Yes,Stayed the same,5,100000,,,1,,Unchecked,Unchecked,Unchecked,Checked,Unchecked,Unchecked,Unchecked,,No plans for,No plans for,Would like,No plans for,Would like,No plans for,No plans for,"Already do, a bit","Already do, a bit","Already do, a lot",Would like,No plans for,No plans for,No,,stay the same,,stay the same,,stay the same,,Orbitrap tribrid for TMT work,Likely relocation of facility to new city campus - challenge but also an opportunity for expansion,,,Complete
26,,,10/08/2022 14:46,10/08/2022,University,,Core facility,,Technical/Professional staff,,No - and we don't have plans for accreditation in 2022,Checked,Checked,Unchecked,Unchecked,Unchecked,Checked,Checked,Unchecked,,145000,NZ Dollars,,0,0,0,0,0,0,0,0,0,0,0,0,1.5,0,0,1.5,0,0,0,0,0,0,0,0,0,0,0,0,0,0,0,0,0,0,0,0,1.5,0,0,0,0,1,0,0,0,0,0,0,0,0,0,1,0,0,0,2,,,,,,,,,,,,,,,,,,,,,0,0,0,0,0,0,0,0,0,0,,,,,,2,,,,0,0,0,0,0,2,0,0,0,0,0,0,0,0,0,0,0,0,0,0,0,0,0,0,0,0,0,2,0,0,0,0,0,0,0,0,0,0,0,,0,0,0,0,0,0,0,Checked,Checked,Checked,Unchecked,,,,,,3,,,,25,0,70,5,0,100,,80,5,6,0,5,2,2,100,3,,,,,,,,,NA,NA,NA,NA,NA,NA,,,,,,,,,No,No,,No,No,Checked,Checked,Unchecked,Unchecked,Unchecked,Unchecked,Unchecked,Checked,Unchecked,Unchecked,Unchecked,Unchecked,Unchecked,Unchecked,Unchecked,Unchecked,Unchecked,,0,0,0,0,0,0,0,0,No,,,,,,,,,,,,,No,,,,,,,,Unchecked,Unchecked,Unchecked,Unchecked,Unchecked,Unchecked,Unchecked,,,,,,,,,,,,,,,Yes,Synapt XS,,,,,,,,,,,Complete
27,,,11/08/2022 7:35,10/08/2022,University,,Core facility,,Manager,,No - and we don't have plans for accreditation in 2022,Checked,Checked,Checked,Unchecked,Unchecked,Checked,Unchecked,Unchecked,,232000,NZ Dollars,,0.7,0,0,0.7,1.8,0,0,1.8,0,0,0,0,0,0,0,0,0,0,0,0,0,0,0,0,0,0,0,0,0,0,0,0,0,0,0,0,2.5,0,0,2,0,1,0,0,0,1,0,0,0,0,0,0,0,0,0,4,,1,,,,,,,,,New,,,,,,,,,,100,0,0,0,0,0,0,0,100,35000,NZ Dollars,,,,1,2,,No,,0,0,0,1,0,1,0,0,2,0,2,4,0,2,0,1,1,0,0,0,2,1,1,0,0,0,0,0,0,0,4,0,0,1,1,4,0,0,1,,0,75,0,25,0,0,100,Checked,Unchecked,Checked,Unchecked,,,>250,4,3,1,2,,,20,5,60,15,0,100,,80,10,0,0,10,0,0,100,1,3,,2,,,,,,,,,2,1,,,2,1,,,,,,No,No,,Yes,No,Checked,Checked,Unchecked,Unchecked,Unchecked,Unchecked,Unchecked,Checked,Checked,Checked,Unchecked,Unchecked,Checked,Checked,Unchecked,Unchecked,Unchecked,,25,0,0,0,75,0,0,100,No,,10,,5,,,2,2,,1,NZ Dollars,,Yes,Stayed the same,1,139000,1,5,2,5,Unchecked,Unchecked,Unchecked,Checked,Unchecked,Unchecked,Unchecked,,No plans for,Would like,Would like,No plans for,No plans for,Getting this,,"Already do, a bit","Already do, a lot","Already do, a lot",No plans for,"Already do, a bit",Would like,No,,stay the same,,go up,10,stay the same,,"Orbitrap Fusion Lumos with FAIMS, versatility and flexibility for a great variety of applications","Workload/staff ratio is too high, which is related to financial constraints that do not permit the employment of higher staff FTEs ",,,Complete
28,,,10/08/2022 17:04,10/08/2022,Research Institute,,Core facility,,Manager,,No - and we don't have plans for accreditation in 2022,Checked,Checked,Checked,Checked,Unchecked,Checked,Unchecked,Unchecked,,384k with super and oncosts,,,0,0,0,0,0,0,0,0,0,0,0,0,0,2,0,2,1,1,0,2,0,0,0,0,0,0,0,0,0,0,0,0,0,0,0,0,4,0,0,0,0,4,2,2,0,0,0,0,0,0,0,0,0,0,0,6,,,1,0,,,,,,,,Seed/on loan,,,,,,,,,0,0,0,0,0,0,0,100,100,109000,,,1,3,,2,,,,1,1,0,1,0,0,0,0,1,0,0,0,1,0,1,0,0,0,1,0,0,1,0,0,0,0,0,1,0,0,0,0,0,0,0,1,0,1,0,,0,90,10,0,0,0,100,Checked,Checked,Checked,Unchecked,,30,100,5,2,1,3,,,80,0,10,10,0,100,,0,60,20,0,20,0,0,100,2,NA,NA,3,NA,1,NA,NA,,6,NA,NA,1,1,NA,,2,NA,3,1,NA,NA,,Yes,No,,No,Yes,Unchecked,Checked,Checked,Checked,Checked,Checked,Checked,Checked,Unchecked,Checked,Unchecked,Checked,Checked,Checked,Unchecked,Unchecked,Unchecked,,50,0,0,0,50,0,0,100,Yes,3,NA,8,NA,NA,8,1,NA,10,2,,,Yes,Stayed the same,3,200000,3,3,3,3,Unchecked,Unchecked,Unchecked,Checked,Unchecked,Unchecked,Unchecked,,No plans for,Getting this,No plans for,No plans for,"Already do, a lot","Already do, a lot","Already do, a lot","Already do, a bit","Already do, a bit","Already do, a lot",Would like,No plans for,No plans for,No,,go up,1,go up,15,go up,15,new QqQ.  Existing instrument is 15 years old,funding and staffing,,,Complete
29,,,11/08/2022 9:22,11/08/2022,University,,Core facility,,Manager,,No - and we don't have plans for accreditation in 2022,Unchecked,Checked,Unchecked,Unchecked,Unchecked,Checked,Unchecked,Unchecked,,0,NZ Dollars,,1,0,0,1,0,0,0,0,0,0,0,0,0,0,0,0,1,0,0,1,0,0,0,0,0,0,0,0,0,0,0,0,0,0,0,0,2,0,0,1,0,3,1,3,1,0,0,0,0,0,0,2,0,0,0,9,,0,0,0,,,,0,,,,,,,,,,,,,0,0,0,0,0,0,0,0,0,40000,,,,,,9,,Yes,ion trap LTQ,0,0,0,0,0,0,0,1,0,0,0,0,0,1,0,1,0,0,0,0,0,3,0,0,1,1,0,3,0,0,0,0,0,0,5,0,0,0,0,,0,10,80,10,0,0,100,Checked,Checked,Checked,Unchecked,,2x,5-6x,,2,1,,,,,0,98,2,0,,,80,18,0,2,0,0,0,100,2,,,,,1,,,,,,,2,1,,,,,,1,,,,No,No,,No,No,Checked,Checked,Unchecked,Unchecked,Unchecked,Unchecked,Unchecked,Checked,Checked,Unchecked,Unchecked,Checked,Unchecked,Unchecked,Unchecked,Unchecked,Unchecked,,100,0,0,0,0,0,0,100,Yes,1,,,,,,,,,,,,No,Stayed the same,,55000,,,,,Checked,Unchecked,Unchecked,Unchecked,Checked,Checked,Unchecked,,No plans for,No plans for,No plans for,No plans for,No plans for,"Already do, a bit","Already do, a lot",No plans for,No plans for,Would like,No plans for,"Already do, a bit",No plans for,No,,go up,0.5,stay the same,,stay the same,,Imaging instrument to grow our capacity as more demand that current capacity,requirement to do more commercial work with difficulty to recruit qualified personnel,,,Complete
30,,,11/08/2022 12:52,11/08/2022,University,,Core facility,,Director,,No - but we plan to apply for accreditation in 2022,Checked,Checked,Unchecked,Unchecked,Unchecked,Checked,Unchecked,Unchecked,,372,,,0,0,0,0,0,0,0,0,0,0,0,0,1,0,0,1,2,0,0,2,0,0,0,0,0,0,0,0,0,0,0,0,0,0,0,0,3,0,0,4,1,1,0,0,0,0,0,0,0,0,0,0,0,0,0,5,,,,,,,,,,,,,,,,,,,,,0,0,0,0,0,0,0,0,0,120000,,,,3,2,,,No,,0,0,0,0,0,0,0,1,2,0,0,0,1,0,0,0,0,0,0,0,0,0,0,0,0,0,0,0,0,0,0,0,0,0,0,0,0,0,0,,80,5,10,5,0,0,100,Checked,Checked,Checked,Unchecked,,50,300,4,2,1,3,,,90,0,0,10,0,100,,60,30,0,10,0,0,0,100,,1,,,,,,,,5,4,2,1,3,,,1,,,,,,,Yes,No,,No,No,Checked,Checked,Unchecked,Checked,Unchecked,Unchecked,Unchecked,Checked,Checked,Checked,Unchecked,Checked,Unchecked,Unchecked,Unchecked,Unchecked,Unchecked,,100,0,0,0,0,0,0,100,No,,,,1,,,4,3,,2,,,Yes,Stayed the same,,50000,,,,,Checked,Unchecked,Unchecked,Checked,Unchecked,Unchecked,Unchecked,,,,"Already do, a bit",,,,,"Already do, a lot",,"Already do, a lot",,,,No,,stay the same,,stay the same,,go up,,,,,,Complete
31,,,15/08/2022 17:09,15/08/2022,Research Institute,,Core facility,,Academic staff,,Yes - we have accreditation,Checked,Checked,Checked,Unchecked,Unchecked,Checked,Unchecked,Unchecked,,,,,0,,0,,0,1.8,0,1.8,0,0,0,0,0,3.8,0,3.8,0,1,0,1,0,0,0,0,0,0.5,0,0.5,0,0,0,0,0,0,0,0,,1,0,2,0,0,0,3,0,0,0,0,0,0,0,2,0,0,0,8,0,0,,0,,,,0,,,,,,,,,,,,,0,0,0,0,0,0,0,0,0,0,,,,8,,,,No,,0,0,0,1,0,0,0,0,0,0,0,0,0,0,0,1,0,0,1,0,0,0,1,0,0,0,0,0,0,0,0,0,0,0,3,0,0,0,2,,0,100,0,0,0,0,100,Checked,Checked,Checked,Unchecked,,50,100,NA,NA,5,NA,NA,,20,0,70,10,,,,20,40,0,28,10,0,2,100,NA,NA,8,NA,NA,NA,NA,NA,,NA,NA,NA,NA,4,NA,,NA,NA,5,,NA,NA,,Yes,An ad hoc budget less than $10k per annum,,No,Yes,Unchecked,Checked,Unchecked,Unchecked,Unchecked,Unchecked,Unchecked,Checked,Unchecked,Checked,Unchecked,Checked,Unchecked,Unchecked,Checked,Unchecked,Unchecked,,60,0,0,40,0,0,0,100,No,8,8,,,,,8,,,8,,,Yes,Gone up,5,,,5,,5,Checked,Unchecked,Unchecked,Checked,Checked,Checked,Unchecked,,Don't know,Getting this,No plans for,Would like,No plans for,No plans for,No plans for,"Already do, a lot",Getting this,"Already do, a lot","Already do, a bit",No plans for,No plans for,Yes,new MS,stay the same,,go up,20,stay the same,,Bruker TIMS tof MS,Keep going well,,,Complete
32,,,18/08/2022 15:10,17/08/2022,University,,Core facility,,Manager,,Yes - we have accreditation,Checked,Checked,Checked,Unchecked,Unchecked,Checked,Unchecked,Unchecked,,1350000,,,0,0,0,0,0,0,0,0,0,0,0,0,0,7.8,0,7.8,0,7,0,7,0,0,0,0,0,0,0,0,0,0,0,0,0,0,0,0,14.8,1,1,4,0,0,0,0,0,2,0,0,0,0,0,1,0,0,0,8,1,,,,,,,,,New,,,,,,,,,,,22,0,0,0,78,0,0,0,100,230000,,,2,,1,4,,Yes,MALDI 4800,0,0,0,3,0,3,0,0,3,0,2,0,2,2,0,2,2,0,0,1,0,2,0,0,0,0,0,0,0,0,3,0,0,1,0,3,0,0,0,,0,60,0,0,40,0,100,Checked,Checked,Checked,Unchecked,,100,100,5,4,1,3,2,,30,0,40,30,0,100,,35,15,30,10,0,10,0,100,1,2,NA,NA,NA,3,NA,4,,5,4,3,2,1,6,,NA,2,1,3,NA,NA,,Yes,Yes - less than $10k per annum,,No,No,Checked,Checked,Unchecked,Checked,Checked,Unchecked,Unchecked,Checked,Unchecked,Checked,Unchecked,Checked,Checked,Unchecked,Checked,Unchecked,Unchecked,,21,0,0,42,37,0,0,100,No,NA,9,8,4,6,7,1,2,5,3,,,Yes,Stayed the same,1,726000,1,2,1,3,Checked,Unchecked,Unchecked,Checked,Checked,Checked,Unchecked,,No plans for,No plans for,Getting this,No plans for,Would like,No plans for,No plans for,No plans for,"Already do, a bit","Already do, a lot",Would like,"Already do, a bit",No plans for,,,stay the same,,go up,20,stay the same,,Eclipse for tribrid MS and optional extras for ionisation and collision features,Reducing operating deficits and minimising instrument downtime,,,Complete
33,,,17/08/2022 17:35,17/08/2022,University,,Core facility,,Manager,,No - and we don't have plans for accreditation in 2022,Unchecked,Unchecked,Unchecked,Unchecked,Unchecked,Unchecked,Unchecked,Unchecked,,"$250,000",,,0,0,0,0,0,0,0,0,0,0,0,0,1,0.6,0,1.6,1,0,0,1,0,0,0,0,0,0,0,0,0,0,0,0,0,0,0,0,2.6,1,0,1,0,0,0,1,0,0,0,0,0,0,0,0,0,0,0,3,,,,,,,,,,,,,,,,,,,,,0,0,0,0,0,0,0,0,0,10000,,,3,,,,,,,0,0,0,0,0,1,0,0,0,0,0,0,2,0,0,1,0,0,1,0,1,0,1,0,0,0,0,0,0,0,4,0,0,0,0,2,0,0,1,,0,0,0,0,0,100,100,Checked,Checked,Checked,Unchecked,,20%,100%,4,2,1,4,1,,40,40,20,0,0,100,,0,80,20,0,0,0,0,100,1,1,NA,NA,NA,1,,,,,,,,1,1,We manage the instruments within the lab. We don't allow users to operate the instruments,1,,,,,,,Yes,No,,No,No,Unchecked,Unchecked,Unchecked,Unchecked,Unchecked,Unchecked,Unchecked,Checked,Unchecked,Unchecked,Unchecked,Unchecked,Unchecked,Unchecked,Unchecked,Unchecked,Unchecked,,50,0,0,0,50,0,0,100,Yes,1,,,,,,,4,,,,,,Gone up,,220000,,2,2,2,Checked,Unchecked,Unchecked,Unchecked,Unchecked,Unchecked,Unchecked,,No plans for,No plans for,No plans for,No plans for,"Already do, a lot",Would like,Definitely don't want,"Already do, a bit",Would like,"Already do, a lot",Would like,Would like,No plans for,No,,stay the same,,go up,10,stay the same,,ZenoTof 7600,coping with demand,,,Complete
34,,,22/08/2022 9:46,18/08/2022,Research Institute,,Core facility,,Manager,,No - and we don't have plans for accreditation in 2022,Checked,Unchecked,Checked,Unchecked,Checked,Checked,Unchecked,Unchecked,,745259,,,0,3,0,3,0,2,0,2,0,0,0,0,0,0,0,0,0,0,0,0,0,0,0,0,0,0,0,0,0,0,0,0,0,0,0,0,5,1,0,1,1,4,2,0,0,0,0,0,0,0,0,0,0,0,0,6,,1,,,,,,,,,New,,,,,,,,,,100,0,0,0,0,0,0,0,100,119001,,,1,5,,,,No,,0,0,0,5,0,0,0,0,5,0,5,0,0,0,0,1,0,0,0,0,0,0,0,0,0,0,0,0,0,0,0,0,0,0,0,2,0,0,0,,,0,100,0,0,0,,Checked,Checked,Checked,Unchecked,,50%,70%,5,5,1,1,NA,,40,20,30,10,0,100,,5,65,20,0,10,0,0,100,1,6,1,,3,NA,NA,NA,,NA,NA,4,5,1,NA,,1,NA,NA,3,NA,NA,,No,Other,One-off 2022 Internal Grant for Comms (25k),Yes,No,Unchecked,Checked,Checked,Checked,Checked,Unchecked,Unchecked,Checked,Checked,Checked,Unchecked,Checked,Checked,Unchecked,Unchecked,Unchecked,Unchecked,,50,0,0,0,50,0,0,100,No,NA,10,8,1,10,10,5,5,10,1,,,Yes,Gone up,5,254416,5,5,5,5,Unchecked,Unchecked,Unchecked,Checked,Unchecked,Unchecked,Unchecked,,"Already do, a bit",No plans for,No plans for,Getting this,"Already do, a bit",No plans for,No plans for,Getting this,"Already do, a bit","Already do, a lot",Would like,"Already do, a lot",Getting this,Yes,Vanquish Neo UHPLC,go up,1,go up,20,go up,20,timsTOF SCP,Covering direct costs,,,Complete
35,,,18/08/2022 18:12,18/08/2022,Research Institute,,Research group,,Manager,,No - and we don't have plans for accreditation in 2022,Checked,Unchecked,Checked,Unchecked,Unchecked,Checked,Unchecked,Unchecked,,400k,NZ Dollars,,0,0,0,0,0,0,0,0,0,0,0,0,3,1,0,4,1,0,0,1,0,0,0,0,0,0,0,0,0,0,0,0,0,0,0,0,5,0,0,0,0,3,1,0,0,1,0,0,0,1,0,0,0,0,0,5,,,0,,,,,,,,,,,,,,,,,,0,0,0,0,0,0,0,0,0,60000,NZ Dollars,,,2,,2,,No,,0,0,0,1,0,1,0,0,0,0,1,0,4,0,0,0,0,0,0,0,0,0,0,0,0,0,0,0,0,0,0,0,0,0,0,2,0,0,0,,0,0,0,0,0,100,100,Unchecked,Unchecked,Unchecked,Checked,Internal/external rate,,,3,3,1,3,,,30,0,10,60,0,100,,10,0,10,30,45,5,0,100,1,3,1,8,8,8,8,8,,2,6,6,1,2,6,,5,1,5,5,5,NA,,Yes,Yes - less than $10k per annum,,No,No,Checked,Checked,Checked,Checked,Checked,Unchecked,Unchecked,Checked,Unchecked,Checked,Checked,Unchecked,Unchecked,Checked,Unchecked,Unchecked,Unchecked,,10,0,0,60,30,0,0,100,Yes,NA,4,NA,3,9,8,2,1,8,9,,,No,,,,,3,,3,Unchecked,Unchecked,Checked,Unchecked,Unchecked,Unchecked,Unchecked,,No plans for,No plans for,Would like,No plans for,No plans for,No plans for,No plans for,No plans for,"Already do, a lot","Already do, a lot",Would like,No plans for,No plans for,Yes,timsTOF Pro 2 delivered in June,stay the same,,stay the same,,stay the same,,orbitrap exploris 240,money,,,Complete
36,,,21/08/2022 17:58,21/08/2022,University,,Core facility,,Manager,,No - and we don't have plans for accreditation in 2022,Checked,Unchecked,Checked,Unchecked,Checked,Checked,Checked,Unchecked,,294000,,,0,0,0,0,0,0,0,0,0,0,0,0,1,0,0,1,1,1,0,2,0,0,0,0,0,0,0,0,0,0,0,0,0,0,0,0,3,1,0,1,0,2,1,1,0,0,0,0,0,0,0,4,0,2,0,11,0,0,0,0,,,,0,0,,,,,,,,,,1) Orbitrap Elite IT-Orbitrap; and 2) Micromass Autospec Premier (High-res EI Magnetic Sector),,80,0,0,0,0,0,20,0,100,0,,,1,0,0,0,"We did our own instrument maintenance and repairs, sometimes with help from our workshop and sometimes in consultation with vendor online support.",No,,0,0,0,1,1,0,0,10,8,0,0,5,1,0,0,1,0,0,0,0,0,0,0,4,0,0,0,3,9,1,10,1,0,0,10,2,0,0,1,UniDec: 3; MZMine3:2; Analyzer Pro: 1; AMDIS:6,0,0,35,0,62,3,100,Checked,Checked,Checked,Unchecked,,1.5X,5X,NA,2,3,1,NA,,45,0,51,4,0,100,,76,4,20,0,0,0,0,100,1,2,NA,3,NA,NA,NA,4,,3,NA,2,4,1,NA,,1,2,NA,NA,NA,NA,,No,No,,Yes,No,Checked,Checked,Checked,Checked,Checked,Checked,Checked,Checked,Checked,Checked,Unchecked,Checked,Checked,Checked,Unchecked,Unchecked,Unchecked,,20,0,0,0,80,0,0,100,No,NA,1,3,2,NA,NA,NA,NA,NA,3,,,Yes,Gone up,1,76074,1,3,2,2,Unchecked,Unchecked,Unchecked,Checked,Unchecked,Unchecked,Unchecked,,Would like,Would like,Would like,"Already do, a bit",Would like,Getting this,Would like,"Already do, a lot","Already do, a bit","Already do, a lot",Would like,"Already do, a lot",Would like,No,,stay the same,,stay the same,,go up,,The latest Thermo Tribrid with FAIMS and microfluidic front end for sample prep and ultra low flow UHPLC,Finding funding for new high-end instruments and finding time to code and set up data management systems.,,,Complete
37,,,22/08/2022 14:49,22/08/2022,Research Institute,,Core facility,,Manager,,No - but we plan to apply for accreditation in 2022,Unchecked,Checked,Checked,Unchecked,Unchecked,Checked,Unchecked,Checked,Access to other instrumentation (Mass spec),,,,0,0,0,0,0,0,0,0,0,0,0,0,3.6,0,0,3.6,2.5,0,0,2.5,0,0,0,0,0,0,0,0,0,0,0,0,0,0,0,0,6.1,0,0,1,0,1,0,1,0,0,0,0,0,0,0,3,0,0,0,6,,,,,,,,,,,,,,,,,,,,,0,0,0,0,0,0,0,0,0,0,,,,,,7,,,,0,0,0,0,0,0,0,6 (Metabolomics),0,0,0,0,0,0,0,0,0,0,0,0,0,1,1,3,0,0,0,0,1,0,3,0,0,0,0,0,1,0,3,,0,80,0,0,20,0,100,Checked,Checked,Checked,Checked,State based rates,150,200,,,1,,,,0,0,13,60,27,100,Research organisations/institutes,0,0,0,72,22,0,6,100,1,1,1,,,1,,,,,,1,1,1,,,1,,,1,,,,,Yes - less than $10k per annum,,No,Yes,Unchecked,Checked,Checked,Checked,Checked,Checked,Checked,Checked,Unchecked,Checked,Checked,Checked,Checked,Checked,Checked,Unchecked,Unchecked,,10,0,50,25,15,0,0,100,No,2,,,5,,8,10,9,10,10,,,Yes,Gone up,5,167166,1,2,1,3,Unchecked,Unchecked,Unchecked,Checked,Unchecked,Unchecked,Unchecked,,,,,,,"Already do, a bit",,"Already do, a lot",,,,,,Yes,QTOF,go up,1,go up,5,go up,5,   A second Orbitrap for non-targeted metabolomics,Contracting long term funding for sustainable operations,,,Complete
38,,,2/09/2022 15:11,2/09/2022,Government,,Other,Bit of both,Manager,,No - and we don't have plans for accreditation in 2022,Checked,Unchecked,Unchecked,Unchecked,Unchecked,Unchecked,Unchecked,Checked,Contracting capability,$600.00,,,2,0,0,2,0,1,0,1,0,4,0,4,0,0,0,0,0,0,0,0,0,0,0,0,0,0,0,0,0,0,0,0,0,0,0,0,7,0,0,0,0,1,0,1,0,0,0,0,0,0,0,0,0,0,0,2,,,0,0,,,,,,,,,,,,,,,,,0,0,0,0,0,0,0,0,0,100000,,,,2,,,,No,,0,0,0,1,0,0,1,0,1,1,0,0,0,1,0,0,2,0,0,0,0,2,0,0,0,0,0,0,0,0,0,0,0,2,0,0,1,0,0,,0,0,50,50,0,0,100,Checked,Unchecked,Checked,Unchecked,,,300,5,NA,1,NA,NA,,10,0,20,70,0,100,,50,0,0,20,30,0,0,100,2,2,NA,NA,5,NA,NA,NA,,3,2,NA,2,1,NA,,1,NA,NA,NA,NA,NA,,No,No,,No,No,Unchecked,Checked,Unchecked,Unchecked,Unchecked,Unchecked,Unchecked,Checked,Unchecked,Unchecked,Unchecked,Unchecked,Checked,Unchecked,Unchecked,Unchecked,Unchecked,,20,0,0,50,0,0,30,100,Yes,1,NA,NA,NA,NA,NA,NA,NA,NA,NA,,,Yes,Stayed the same,3,100000,1,3,1,1,Checked,Unchecked,Unchecked,Unchecked,Unchecked,Unchecked,Unchecked,,Don't know,Don't know,Don't know,Don't know,Don't know,Don't know,Don't know,"Already do, a bit",Don't know,"Already do, a lot",Don't know,Don't know,Don't know,No,,stay the same,,go up,10,go up,10,evosep timsTOF,instrument capacity,Could this group be used to help connect people for equipment bids?,,Complete
